-- 1. USER PROFILES (15 Records)
-- IDs use the format: 00000000-0000-0000-0000-0000000000XX
INSERT INTO user_profiles (id, auth_user_id, email, full_name, created_at, updated_at) VALUES
('00000000-0000-0000-0000-000000000001', 'auth|101', 'amit.sharma@example.com', 'Amit Sharma', CURRENT_TIMESTAMP, CURRENT_TIMESTAMP),
('00000000-0000-0000-0000-000000000002', 'auth|102', 'priya.nair@example.com', 'Priya Nair', CURRENT_TIMESTAMP, CURRENT_TIMESTAMP),
('00000000-0000-0000-0000-000000000003', 'auth|103', 'rahul.v@example.com', 'Rahul Verma', CURRENT_TIMESTAMP, CURRENT_TIMESTAMP),
('00000000-0000-0000-0000-000000000004', 'auth|104', 'sneha.g@example.com', 'Sneha Gupta', CURRENT_TIMESTAMP, CURRENT_TIMESTAMP),
('00000000-0000-0000-0000-000000000005', 'auth|105', 'vikram.s@example.com', 'Vikram Singh', CURRENT_TIMESTAMP, CURRENT_TIMESTAMP),
('00000000-0000-0000-0000-000000000006', 'auth|106', 'ananya.r@example.com', 'Ananya Ray', CURRENT_TIMESTAMP, CURRENT_TIMESTAMP),
('00000000-0000-0000-0000-000000000007', 'auth|107', 'rohit.k@example.com', 'Rohit Kumar', CURRENT_TIMESTAMP, CURRENT_TIMESTAMP),
('00000000-0000-0000-0000-000000000008', 'auth|108', 'pooja.m@example.com', 'Pooja Mishra', CURRENT_TIMESTAMP, CURRENT_TIMESTAMP),
('00000000-0000-0000-0000-000000000009', 'auth|109', 'sid.b@example.com', 'Siddharth Bose', CURRENT_TIMESTAMP, CURRENT_TIMESTAMP),
('00000000-0000-0000-0000-000000000010', 'auth|110', 'neha.t@example.com', 'Neha Thakur', CURRENT_TIMESTAMP, CURRENT_TIMESTAMP),
('00000000-0000-0000-0000-000000000011', 'auth|111', 'arjun.p@example.com', 'Arjun Patel', CURRENT_TIMESTAMP, CURRENT_TIMESTAMP),
('00000000-0000-0000-0000-000000000012', 'auth|112', 'ishita.s@example.com', 'Ishita Sen', CURRENT_TIMESTAMP, CURRENT_TIMESTAMP),
('00000000-0000-0000-0000-000000000013', 'auth|113', 'karan.j@example.com', 'Karan Johar', CURRENT_TIMESTAMP, CURRENT_TIMESTAMP),
('00000000-0000-0000-0000-000000000014', 'auth|114', 'tanvi.w@example.com', 'Tanvi Wadekar', CURRENT_TIMESTAMP, CURRENT_TIMESTAMP),
('00000000-0000-0000-0000-000000000015', 'auth|115', 'manish.p@example.com', 'Manish Pandey', CURRENT_TIMESTAMP, CURRENT_TIMESTAMP);

-- 2. RESUMES (15 Records)
INSERT INTO resumes (id, user_profile_id, file_name, file_url, parsed_content, uploaded_at) VALUES
(RANDOM_UUID(), '00000000-0000-0000-0000-000000000001', 'resume1.pdf', 'url1', 'Java/Spring content', CURRENT_TIMESTAMP),
(RANDOM_UUID(), '00000000-0000-0000-0000-000000000002', 'resume2.pdf', 'url2', 'React content', CURRENT_TIMESTAMP),
(RANDOM_UUID(), '00000000-0000-0000-0000-000000000003', 'resume3.pdf', 'url3', 'Python content', CURRENT_TIMESTAMP),
(RANDOM_UUID(), '00000000-0000-0000-0000-000000000004', 'resume4.pdf', 'url4', 'HR content', CURRENT_TIMESTAMP),
(RANDOM_UUID(), '00000000-0000-0000-0000-000000000005', 'resume5.pdf', 'url5', 'DevOps content', CURRENT_TIMESTAMP),
(RANDOM_UUID(), '00000000-0000-0000-0000-000000000006', 'resume6.pdf', 'url6', 'Design content', CURRENT_TIMESTAMP),
(RANDOM_UUID(), '00000000-0000-0000-0000-000000000007', 'resume7.pdf', 'url7', 'QA content', CURRENT_TIMESTAMP),
(RANDOM_UUID(), '00000000-0000-0000-0000-000000000008', 'resume8.pdf', 'url8', 'Marketing content', CURRENT_TIMESTAMP),
(RANDOM_UUID(), '00000000-0000-0000-0000-000000000009', 'resume9.pdf', 'url9', 'Backend content', CURRENT_TIMESTAMP),
(RANDOM_UUID(), '00000000-0000-0000-0000-000000000010', 'resume10.pdf', 'url10', 'PM content', CURRENT_TIMESTAMP),
(RANDOM_UUID(), '00000000-0000-0000-0000-000000000011', 'resume11.pdf', 'url11', 'Cloud content', CURRENT_TIMESTAMP),
(RANDOM_UUID(), '00000000-0000-0000-0000-000000000012', 'resume12.pdf', 'url12', 'iOS content', CURRENT_TIMESTAMP),
(RANDOM_UUID(), '00000000-0000-0000-0000-000000000013', 'resume13.pdf', 'url13', 'Data content', CURRENT_TIMESTAMP),
(RANDOM_UUID(), '00000000-0000-0000-0000-000000000014', 'resume14.pdf', 'url14', 'Security content', CURRENT_TIMESTAMP),
(RANDOM_UUID(), '00000000-0000-0000-0000-000000000015', 'resume15.pdf', 'url15', 'Analyst content', CURRENT_TIMESTAMP);

-- 3. INTERVIEW SESSIONS (15 Records)
-- Linked to fixed Session IDs for Question mapping
INSERT INTO interview_sessions (id, user_profile_id, resume_id, job_description, status, overall_score, started_at) VALUES
('f0000000-0000-0000-0000-000000000001', '00000000-0000-0000-0000-000000000001', (SELECT id FROM resumes WHERE user_profile_id='00000000-0000-0000-0000-000000000001' LIMIT 1), 'Java Dev JD', 'COMPLETED', 85, CURRENT_TIMESTAMP),
('f0000000-0000-0000-0000-000000000002', '00000000-0000-0000-0000-000000000002', (SELECT id FROM resumes WHERE user_profile_id='00000000-0000-0000-0000-000000000002' LIMIT 1), 'React JD', 'ONGOING', NULL, CURRENT_TIMESTAMP),
('f0000000-0000-0000-0000-000000000003', '00000000-0000-0000-0000-000000000003', (SELECT id FROM resumes WHERE user_profile_id='00000000-0000-0000-0000-000000000003' LIMIT 1), 'Python JD', 'COMPLETED', 90, CURRENT_TIMESTAMP),
('f0000000-0000-0000-0000-000000000004', '00000000-0000-0000-0000-000000000004', (SELECT id FROM resumes WHERE user_profile_id='00000000-0000-0000-0000-000000000004' LIMIT 1), 'HR JD', 'FAILED', 40, CURRENT_TIMESTAMP),
('f0000000-0000-0000-0000-000000000005', '00000000-0000-0000-0000-000000000005', (SELECT id FROM resumes WHERE user_profile_id='00000000-0000-0000-0000-000000000005' LIMIT 1), 'DevOps JD', 'COMPLETED', 77, CURRENT_TIMESTAMP),
('f0000000-0000-0000-0000-000000000006', '00000000-0000-0000-0000-000000000006', (SELECT id FROM resumes WHERE user_profile_id='00000000-0000-0000-0000-000000000006' LIMIT 1), 'Design JD', 'PENDING', NULL, CURRENT_TIMESTAMP),
('f0000000-0000-0000-0000-000000000007', '00000000-0000-0000-0000-000000000007', (SELECT id FROM resumes WHERE user_profile_id='00000000-0000-0000-0000-000000000007' LIMIT 1), 'QA JD', 'ONGOING', NULL, CURRENT_TIMESTAMP),
('f0000000-0000-0000-0000-000000000008', '00000000-0000-0000-0000-000000000008', (SELECT id FROM resumes WHERE user_profile_id='00000000-0000-0000-0000-000000000008' LIMIT 1), 'Marketing JD', 'COMPLETED', 60, CURRENT_TIMESTAMP),
('f0000000-0000-0000-0000-000000000009', '00000000-0000-0000-0000-000000000009', (SELECT id FROM resumes WHERE user_profile_id='00000000-0000-0000-0000-000000000009' LIMIT 1), 'Backend JD', 'FAILED', 35, CURRENT_TIMESTAMP),
('f0000000-0000-0000-0000-000000000010', '00000000-0000-0000-0000-000000000010', (SELECT id FROM resumes WHERE user_profile_id='00000000-0000-0000-0000-000000000010' LIMIT 1), 'PM JD', 'COMPLETED', 88, CURRENT_TIMESTAMP),
('f0000000-0000-0000-0000-000000000011', '00000000-0000-0000-0000-000000000011', (SELECT id FROM resumes WHERE user_profile_id='00000000-0000-0000-0000-000000000011' LIMIT 1), 'Cloud JD', 'ONGOING', NULL, CURRENT_TIMESTAMP),
('f0000000-0000-0000-0000-000000000012', '00000000-0000-0000-0000-000000000012', (SELECT id FROM resumes WHERE user_profile_id='00000000-0000-0000-0000-000000000012' LIMIT 1), 'iOS JD', 'COMPLETED', 95, CURRENT_TIMESTAMP),
('f0000000-0000-0000-0000-000000000013', '00000000-0000-0000-0000-000000000013', (SELECT id FROM resumes WHERE user_profile_id='00000000-0000-0000-0000-000000000013' LIMIT 1), 'Data JD', 'PENDING', NULL, CURRENT_TIMESTAMP),
('f0000000-0000-0000-0000-000000000014', '00000000-0000-0000-0000-000000000014', (SELECT id FROM resumes WHERE user_profile_id='00000000-0000-0000-0000-000000000014' LIMIT 1), 'Security JD', 'COMPLETED', 82, CURRENT_TIMESTAMP),
('f0000000-0000-0000-0000-000000000015', '00000000-0000-0000-0000-000000000015', (SELECT id FROM resumes WHERE user_profile_id='00000000-0000-0000-0000-000000000015' LIMIT 1), 'Analyst JD', 'ONGOING', NULL, CURRENT_TIMESTAMP);

-- 4. INTERVIEW QUESTIONS (15 Records)
INSERT INTO interview_questions (id, session_id, question_text, user_response, analysis, timestamp) VALUES
(RANDOM_UUID(), 'f0000000-0000-0000-0000-000000000001', 'What is Dependency Injection?', 'It is a design pattern...', 'Good', CURRENT_TIMESTAMP),
(RANDOM_UUID(), 'f0000000-0000-0000-0000-000000000001', 'Explain Spring Boot.', 'Framework for Java...', 'Excellent', CURRENT_TIMESTAMP),
(RANDOM_UUID(), 'f0000000-0000-0000-0000-000000000002', 'How does React work?', 'Uses Virtual DOM...', 'Correct', CURRENT_TIMESTAMP),
(RANDOM_UUID(), 'f0000000-0000-0000-0000-000000000003', 'What is PEP 8?', 'Python coding style...', 'Correct', CURRENT_TIMESTAMP),
(RANDOM_UUID(), 'f0000000-0000-0000-0000-000000000005', 'What is Docker?', 'Containerization platform...', 'Good', CURRENT_TIMESTAMP),
(RANDOM_UUID(), 'f0000000-0000-0000-0000-000000000005', 'Explain CI/CD.', 'Continuous Integration/Deployment...', 'Accurate', CURRENT_TIMESTAMP),
(RANDOM_UUID(), 'f0000000-0000-0000-0000-000000000008', 'What is SEO?', 'Search Engine Optimization...', 'Correct', CURRENT_TIMESTAMP),
(RANDOM_UUID(), 'f0000000-0000-0000-0000-000000000010', 'Explain Agile.', 'Iterative development...', 'Correct', CURRENT_TIMESTAMP),
(RANDOM_UUID(), 'f0000000-0000-0000-0000-000000000012', 'What is Swift?', 'Apple programming language...', 'Correct', CURRENT_TIMESTAMP),
(RANDOM_UUID(), 'f0000000-0000-0000-0000-000000000012', 'Explain ARC.', 'Automatic Reference Counting...', 'Deep knowledge', CURRENT_TIMESTAMP),
(RANDOM_UUID(), 'f0000000-0000-0000-0000-000000000014', 'What is encryption?', 'Scrambling data...', 'Correct', CURRENT_TIMESTAMP),
(RANDOM_UUID(), 'f0000000-0000-0000-0000-000000000014', 'Difference between Symmetric and Asymmetric?', 'Keys difference...', 'Good', CURRENT_TIMESTAMP),
(RANDOM_UUID(), 'f0000000-0000-0000-0000-000000000001', 'What is a Microservice?', 'Decoupled service architecture.', 'Good', CURRENT_TIMESTAMP),
(RANDOM_UUID(), 'f0000000-0000-0000-0000-000000000010', 'Explain Scrum Ceremonies.', 'Sprint, Daily standup...', 'Correct', CURRENT_TIMESTAMP),
(RANDOM_UUID(), 'f0000000-0000-0000-0000-000000000003', 'What are Python decorators?', 'Functions that modify other functions.', 'Excellent', CURRENT_TIMESTAMP);